[
    {
      "actor": {
        "objectType": "Agent",
        "name": "john123",
        "account": {
          "name": "John Smith",
          "homePage": "https://class.whalespace.io/userInfo/base-info/john123"
        }
      }
    },
    {
      "actor": {
        "objectType": "Agent",
        "name": "alice456",
        "account": {
          "name": "Alice Johnson",
          "homePage": "https://class.whalespace.io/userInfo/base-info/alice456"
        }
      }
    },
    {
      "actor": {
        "objectType": "Agent",
        "name": "eva789",
        "account": {
          "name": "Eva Garcia",
          "homePage": "https://class.whalespace.io/userInfo/base-info/eva789"
        }
      }
    },
    {
      "actor": {
        "objectType": "Agent",
        "name": "samuel234",
        "account": {
          "name": "Samuel Lee",
          "homePage": "https://class.whalespace.io/userInfo/base-info/samuel234"
        }
      }
    },
    {
      "actor": {
        "objectType": "Agent",
        "name": "michael567",
        "account": {
          "name": "Michael Smith",  
          "homePage": "https://class.whalespace.io/userInfo/base-info/michael567"
        }
      }
    },
    {
      "actor": {
        "objectType": "Agent",
        "name": "sophia890",
        "account": {
          "name": "Sophia Brown",  
          "homePage": "https://class.whalespace.io/userInfo/base-info/sophia890"
        }
      }
    },
    {
      "actor": {
        "objectType": "Agent",
        "name": "chris123",
        "account": {
          "name": "Chris Johnson",
          "homePage": "https://class.whalespace.io/userInfo/base-info/chris123"
        }
      }
    },
    {
      "actor": {
        "objectType": "Agent",
        "name": "olivia456",
        "account": {
          "name": "Olivia Williams",
          "homePage": "https://class.whalespace.io/userInfo/base-info/olivia456"
        }
      }
    },
    {
      "actor": {
        "objectType": "Agent",
        "name": "david789",
        "account": {
          "name": "David Martin",
          "homePage": "https://class.whalespace.io/userInfo/base-info/david789"
        }
      }
    },
    {
      "actor": {
        "objectType": "Agent",
        "name": "emma234",
        "account": {
          "name": "Emma Wilson",
          "homePage": "https://class.whalespace.io/userInfo/base-info/emma234"
        }
      }
    },
    {
      "actor": {
        "objectType": "Agent",
        "name": "noah567",
        "account": {
          "name": "Noah Johnson",
          "homePage": "https://class.whalespace.io/userInfo/base-info/noah567"
        }
      }
    },
    {
      "actor": {
        "objectType": "Agent",
        "name": "emily890",
        "account": {
          "name": "Emily Davis",
          "homePage": "https://class.whalespace.io/userInfo/base-info/emily890"
        }
      }
    },
    {
      "actor": {
        "objectType": "Agent",
        "name": "hong123",
        "account": {
          "name": "홍길동",
          "homePage": "https://class.whalespace.io/userInfo/base-info/hong123"
        }
      }
    },
    {
      "actor": {
        "objectType": "Agent",
        "name": "kim456",
        "account": {
          "name": "김영희",
          "homePage": "https://class.whalespace.io/userInfo/base-info/kim456"
        }
      }
    },
    {
      "actor": {
        "objectType": "Agent",
        "name": "lee789",
        "account": {
          "name": "이철수",
          "homePage": "https://class.whalespace.io/userInfo/base-info/lee789"
        }
      }
    },
    {
      "actor": {
        "objectType": "Agent",
        "name": "jiyeon123",
        "account": {
          "name": "전지현",
          "homePage": "https://class.whalespace.io/userInfo/base-info/jiyeon123"
        }
      }
    },
    {
      "actor": {
        "objectType": "Agent",
        "name": "hyunbin456",
        "account": {
          "name": "현빈",  
          "homePage": "https://class.whalespace.io/userInfo/base-info/hyunbin456"
        }
      }
    },
    {
      "actor": {
        "objectType": "Agent",
        "name": "godzilla456",
        "account": {
          "name": "고질라",
          "homePage": "https://class.whalespace.io/userInfo/base-info/godzilla456"
        }
      }
    },
    {
      "actor": {
        "objectType": "Agent",
        "name": "muto890",
        "account": {
          "name": "킹콩",
          "homePage": "https://class.whalespace.io/userInfo/base-info/muto890"
        }
      }
    },
    {
      "actor": {
        "objectType": "Agent",
        "name": "megalon890",
        "account": {
          "name": "모스라",
          "homePage": "https://class.whalespace.io/userInfo/base-info/megalon890"
        }
      }
    },
    {
      "actor": {
        "objectType": "Agent",
        "name": "ironman123",
        "account": {
          "name": "Tony Stark",
          "homePage": "https://class.whalespace.io/userInfo/base-info/ironman123"
        }
      }
    },
    {
      "actor": {
        "objectType": "Agent",
        "name": "captainamerica456",
        "account": {
          "name": "Steve Rogers",
          "homePage": "https://class.whalespace.io/userInfo/base-info/captainamerica456"
        }
      }
    },
    {
      "actor": {
        "objectType": "Agent",
        "name": "blackwidow789",
        "account": {
          "name": "Natasha Romanoff",
          "homePage": "https://class.whalespace.io/userInfo/base-info/blackwidow789"
        }
      }
    },
    {
      "actor": {
        "objectType": "Agent",
        "name": "hulk234",
        "account": {
          "name": "Bruce Banner",
          "homePage": "https://class.whalespace.io/userInfo/base-info/hulk234"
        }
      }
    },
    {
      "actor": {
        "objectType": "Agent",
        "name": "thor567",
        "account": {
          "name": "Thor Odinson",
          "homePage": "https://class.whalespace.io/userInfo/base-info/thor567"
        }
      }
    },
    {
      "actor": {
        "objectType": "Agent",
        "name": "hawkeye890",
        "account": {
          "name": "Clint Barton",
          "homePage": "https://class.whalespace.io/userInfo/base-info/hawkeye890"
        }
      }
    },
    {
      "actor": {
        "objectType": "Agent",
        "name": "scarletwitch123",
        "account": {
          "name": "Wanda Maximoff",  
          "homePage": "https://class.whalespace.io/userInfo/base-info/scarletwitch123"
        }
      }
    },
    {
      "actor": {
        "objectType": "Agent",
        "name": "vision456",
        "account": {
          "name": "Vision",
          "homePage": "https://class.whalespace.io/userInfo/base-info/vision456"
        }
      }
    },
    {
      "actor": {
        "objectType": "Agent",
        "name": "spiderman789",
        "account": {
          "name": "Peter Parker",
          "homePage": "https://class.whalespace.io/userInfo/base-info/spiderman789"
        }
      }
    },
    {
      "actor": {
        "objectType": "Agent",
        "name": "doctorstrange234",
        "account": {
          "name": "Stephen Strange",
          "homePage": "https://class.whalespace.io/userInfo/base-info/doctorstrange234"
        }
      }
    },
    {
      "actor": {
        "objectType": "Agent",
        "name": "blackpanther567",
        "account": {
          "name": "TChalla",
          "homePage": "https://class.whalespace.io/userInfo/base-info/blackpanther567"
        }
      }
    },
    {
      "actor": {
        "objectType": "Agent",
        "name": "captainmarvel890",
        "account": {
          "name": "Carol Danvers",  
          "homePage": "https://class.whalespace.io/userInfo/base-info/captainmarvel890"
        }
      }
    },
    {
      "actor": {
        "objectType": "Agent",
        "name": "antman123",
        "account": {
          "name": "Scott Lang",
          "homePage": "https://class.whalespace.io/userInfo/base-info/antman123"
        }
      }
    },
    {
      "actor": {
        "objectType": "Agent",
        "name": "wasp456",
        "account": {
          "name": "Hope van Dyne",
          "homePage": "https://class.whalespace.io/userInfo/base-info/wasp456"
        }
      }
    },
    {
      "actor": {
        "objectType": "Agent",
        "name": "starlord789",
        "account": {
          "name": "Peter Quill",
          "homePage": "https://class.whalespace.io/userInfo/base-info/starlord789"
        }
      }
    },
    {
      "actor": {
        "objectType": "Agent",
        "name": "gamora234",
        "account": {
          "name": "Gamora",
          "homePage": "https://class.whalespace.io/userInfo/base-info/gamora234"
        }
      }
    },
    {
      "actor": {
        "objectType": "Agent",
        "name": "rocket567",
        "account": {
          "name": "Rocket",
          "homePage": "https://class.whalespace.io/userInfo/base-info/rocket567"
        }
      }
    },
    {
      "actor": {
        "objectType": "Agent",
        "name": "groot890",
        "account": {
          "name": "Groot",
          "homePage": "https://class.whalespace.io/userInfo/base-info/groot890"
        }
      }
    },
    {
      "actor": {
        "objectType": "Agent",
        "name": "drax123",
        "account": {
          "name": "Drax",
          "homePage": "https://class.whalespace.io/userInfo/base-info/drax123"
        }
      }
    },
    {
      "actor": {
        "objectType": "Agent",
        "name": "mantis456",
        "account": {
          "name": "Mantis",
          "homePage": "https://class.whalespace.io/userInfo/base-info/mantis456"
        }
      }
    }
  ]
  